{
  "blend": {
    "func": "add",
    "srcrgb": "one",
    "dstrgb": "zero"
  },
  "vertex": "post/blit_util",
  "fragment": "post/shade",
  "attributes": ["Position"],
  "samplers": [
    { "name": "DiffuseSampler" },
    { "name": "DiffuseDepthSampler" },
    { "name": "DiffuseNormalSampler" },
    { "name": "DiffuseCMainSampler" },
    { "name": "DiffuseCTainSampler" },
    { "name": "DiffuseCDepthSampler" }
  ],
  "uniforms": [
    {
      "name": "ProjMat",
      "type": "matrix4x4",
      "count": 16,
      "values": [
        1.0, 0.0, 0.0, 0.0, 0.0, 1.0, 0.0, 0.0, 0.0, 0.0, 1.0, 0.0, 0.0, 0.0,
        0.0, 1.0
      ]
    },
    {
      "name": "DiffuseSize",
      "type": "float",
      "count": 2,
      "values": [1.0, 1.0]
    },
    { "name": "OutSize", "type": "float", "count": 2, "values": [1.0, 1.0] },
    { "name": "GameTime", "type": "float", "count": 1, "values": [1.0] }
  ]
}
